{
    "bone_lengths": {
        "Hips-Spine": 1.0249495927103263,
        "Spine-Spine1": 0.03202434629202827,
        "Spine1-Spine2": 0.008691109717200714,
        "Spine2-Neck": 0.03376861661672821,
        "Neck-Head": 0.032936803996576884,
        "Head-HeadTop_End": 0.11021837164971852,
        "Head-LeftEye": 0.09446162448678401,
        "Head-RightEye": 0.09432983475510906,
        "LeftShoulder-LeftArm": 0.05249821348617987,
        "LeftArm-LeftForeArm": 0.1662333309652312,
        "LeftForeArm-LeftHand": 0.03315651416858271,
        "LeftHand-LeftHandThumb1": 0.2279876919490469,
        "LeftHand-LeftHandIndex1": 0.15866247046143847,
        "LeftHand-LeftHandMiddle1": 0.15209351298504614,
        "LeftHand-LeftHandRing1": 0.15714290558330185,
        "LeftHand-LeftHandPinky1": 0.16714676801910702,
        "RightShoulder-RightArm": 0.052498002982569875,
        "RightArm-RightForeArm": 0.16623280197393897,
        "RightForeArm-RightHand": 0.03315621614583362,
        "RightHand-RightHandThumb1": 0.22798727658707682,
        "RightHand-RightHandIndex1": 0.15866175178813094,
        "RightHand-RightHandMiddle1": 0.1520928737290781,
        "RightHand-RightHandRing1": 0.15714253787712376,
        "RightHand-RightHandPinky1": 0.16714645798477154,
        "LeftUpLeg-LeftLeg": 0.46291884122975174,
        "LeftLeg-LeftFoot": 0.014315098532811902,
        "LeftFoot-LeftToeBase": 0.2950147837403194,
        "LeftToeBase-LeftToe_End": 0.04976961762603216,
        "RightUpLeg-RightLeg": 0.4629191018579149,
        "RightLeg-RightFoot": 0.014314889907855559,
        "RightFoot-RightToeBase": 0.2950159609318059,
        "RightToeBase-RightToe_End": 0.0497693121472331
    }
}