{
    "bone_lengths": {
        "Hips-Spine": 0.2954192832112332,
        "Spine-Spine1": 0.3914922754177804,
        "Spine1-Spine2": 0.3654189059040484,
        "Spine2-Neck": 0.466724731783455,
        "Neck-Head": 0.36791435214583246,
        "Head-HeadTop_End": 0.6882042860358152,
        "Head-LeftEye": 0.37262704552926096,
        "Head-RightEye": 0.3721822205573026,
        "LeftShoulder-LeftArm": 0.3566870815223988,
        "LeftArm-LeftForeArm": 0.8553869877786737,
        "LeftForeArm-LeftHand": 0.7559174602780857,
        "LeftHand-LeftHandThumb1": 0.1261458854592813,
        "LeftHand-LeftHandIndex1": 0.3116961260668137,
        "LeftHand-LeftHandMiddle1": 0.3020373147180168,
        "LeftHand-LeftHandRing1": 0.29059666745388196,
        "LeftHand-LeftHandPinky1": 0.29560113153717327,
        "RightShoulder-RightArm": 0.35668724235203014,
        "RightArm-RightForeArm": 0.8553854268954115,
        "RightForeArm-RightHand": 0.7559168311129106,
        "RightHand-RightHandThumb1": 0.1261460039933062,
        "RightHand-RightHandIndex1": 0.3116971029260064,
        "RightHand-RightHandMiddle1": 0.3020385953820011,
        "RightHand-RightHandRing1": 0.29059743039230257,
        "RightHand-RightHandPinky1": 0.2956017107530721,
        "LeftUpLeg-LeftLeg": 1.3745232224464479,
        "LeftLeg-LeftFoot": 1.331578090232959,
        "LeftFoot-LeftToeBase": 0.44653368885702044,
        "LeftToeBase-LeftToe_End": 0.29722481723039734,
        "RightUpLeg-RightLeg": 1.3745250180646733,
        "RightLeg-RightFoot": 1.3315803560802535,
        "RightFoot-RightToeBase": 0.44653266656133206,
        "RightToeBase-RightToe_End": 0.2972247361200844
    }
}